Designator,Footprint,Quantity,Value,URL
"C1, C2",0402,2,15p,https://au.mouser.com/ProductDetail/581-04025A150G
"C10, C8",0402,2,1u,https://au.mouser.com/ProductDetail/963-MAASL105CD7105MF
"C11, C12, C13, C14, C15, C16, C5, C6, C7, C9",0402,10,100n,https://au.mouser.com/ProductDetail/603-CC402KRX7R9BB104
"C23, C24",0805,2,10uF,https://au.mouser.com/ProductDetail/81-GRM21BR61C106KE15
C25,0805,1,100nF,https://au.mouser.com/ProductDetail/581-KAF21KR72A104KL
"C3, C4",0805,2,10u,https://au.mouser.com/ProductDetail/81-GRM21BR71A106KA3K
"D1, D10, D11, D12, D13, D14, D15, D16, D17, D18, D19, D2, D20, D21, D22, D23, D24, D25, D26, D27, D28, D29, D3, D30, D31, D32, D33, D37, D38, D39, D4, D40, D41, D42, D43, D44, D45, D46, D47, D48, D49, D5, D50, D51, D52, D53, D54, D55, D56, D57, D58, D59, D6, D61, D63, D67, D7, D71, D72, D8, D9",Diode_DO-35,61,Diode,https://au.mouser.com/ProductDetail/512-1N4148
D34,1206,1,SD1206T020S1R0,https://au.mouser.com/ProductDetail/581-SD1206T020S1R0
"J1, J2, J4, J5",USB_C_Receptacle_HRO_TYPE-C-31-M-12,4,USB_C_Receptacle_USB2.0,https://www.aliexpress.com/item/1005003285152827.html?mp=1
"R1, R2",0805,2,5.1K,https://au.mouser.com/ProductDetail/667-ERA-2AEB512X
"R14, R15, R16, R17, R18, R19",0805,6,56K,https://au.mouser.com/ProductDetail/667-ERA-6ARB563V
"R3, R5",0402,2,1k,https://au.mouser.com/ProductDetail/667-ERA-2AEB512X
R4,0402,1,DNF,
"R6, R7",0402,2,27,https://www.aliexpress.com/item/1005005433144951.html?mp=1
S1,MX_PCB_1.00u,1,esc,https://www.aliexpress.com/item/1005003944834891.html?mp=1
S10,MX_PCB_1.00u,1,3,https://www.aliexpress.com/item/1005003944834891.html?mp=1
S11,MX_PCB_1.00u,1,e,https://www.aliexpress.com/item/1005003944834891.html?mp=1
S12,MX_PCB_1.00u,1,d,https://www.aliexpress.com/item/1005003944834891.html?mp=1
S13,MX_PCB_1.00u,1,4,https://www.aliexpress.com/item/1005003944834891.html?mp=1
S14,MX_PCB_1.00u,1,r,https://www.aliexpress.com/item/1005003944834891.html?mp=1
S15,MX_PCB_1.00u,1,f,https://www.aliexpress.com/item/1005003944834891.html?mp=1
S16,MX_PCB_1.00u,1,5,https://www.aliexpress.com/item/1005003944834891.html?mp=1
S17,MX_PCB_1.00u,1,t,https://www.aliexpress.com/item/1005003944834891.html?mp=1
S18,MX_PCB_1.00u,1,g,https://www.aliexpress.com/item/1005003944834891.html?mp=1
S19,MX_PCB_1.00u,1,6,https://www.aliexpress.com/item/1005003944834891.html?mp=1
S2,MX_PCB_1.00u,1,1,https://www.aliexpress.com/item/1005003944834891.html?mp=1
S20,MX_PCB_1.00u,1,y,https://www.aliexpress.com/item/1005003944834891.html?mp=1
S21,MX_PCB_1.00u,1,h,https://www.aliexpress.com/item/1005003944834891.html?mp=1
S22,MX_PCB_1.00u,1,7,https://www.aliexpress.com/item/1005003944834891.html?mp=1
S23,MX_PCB_1.00u,1,u,https://www.aliexpress.com/item/1005003944834891.html?mp=1
S24,MX_PCB_1.00u,1,j,https://www.aliexpress.com/item/1005003944834891.html?mp=1
S25,MX_PCB_1.00u,1,8,https://www.aliexpress.com/item/1005003944834891.html?mp=1
S26,MX_PCB_1.00u,1,i,https://www.aliexpress.com/item/1005003944834891.html?mp=1
S27,MX_PCB_1.00u,1,k,https://www.aliexpress.com/item/1005003944834891.html?mp=1
S28,MX_PCB_1.00u,1,9,https://www.aliexpress.com/item/1005003944834891.html?mp=1
S29,MX_PCB_1.00u,1,o,https://www.aliexpress.com/item/1005003944834891.html?mp=1
S3,MX_PCB_1.00u,1,2,https://www.aliexpress.com/item/1005003944834891.html?mp=1
S30,MX_PCB_1.00u,1,l,https://www.aliexpress.com/item/1005003944834891.html?mp=1
S31,MX_PCB_1.00u,1,0,https://www.aliexpress.com/item/1005003944834891.html?mp=1
S32,MX_PCB_1.00u,1,p,https://www.aliexpress.com/item/1005003944834891.html?mp=1
S33,MX_PCB_1.00u,1,;,https://www.aliexpress.com/item/1005003944834891.html?mp=1
S37,MX_PCB_1.00u,1,-,https://www.aliexpress.com/item/1005003944834891.html?mp=1
S38,MX_PCB_1.00u,1,[,https://www.aliexpress.com/item/1005003944834891.html?mp=1
S39,MX_PCB_1.00u,1,',https://www.aliexpress.com/item/1005003944834891.html?mp=1
S4,MX_PCB_1.50u,1,tab,https://www.aliexpress.com/item/1005003944834891.html?mp=1
S40,MX_PCB_1.00u,1,=,https://www.aliexpress.com/item/1005003944834891.html?mp=1
S41,MX_PCB_1.00u,1,],https://www.aliexpress.com/item/1005003944834891.html?mp=1
S42,MX_PCB_2.25u,1,enter,https://www.aliexpress.com/item/1005003944834891.html?mp=1
S43,MX_PCB_2.00u,1,shift,https://www.aliexpress.com/item/1005003944834891.html?mp=1
S44,MX_PCB_1.25u,1,ctrl,https://www.aliexpress.com/item/1005003944834891.html?mp=1
S45,MX_PCB_1.00u,1,z,https://www.aliexpress.com/item/1005003944834891.html?mp=1
S46,MX_PCB_1.25u,1,windows,https://www.aliexpress.com/item/1005003944834891.html?mp=1
S47,MX_PCB_1.00u,1,x,https://www.aliexpress.com/item/1005003944834891.html?mp=1
S48,MX_PCB_1.25u,1,alt,https://www.aliexpress.com/item/1005003944834891.html?mp=1
S49,MX_PCB_1.00u,1,c,https://www.aliexpress.com/item/1005003944834891.html?mp=1
S5,MX_PCB_1.00u,1,q,https://www.aliexpress.com/item/1005003944834891.html?mp=1
S50,MX_PCB_6.25u,1,space,https://www.aliexpress.com/item/1005003944834891.html?mp=1
S51,MX_PCB_1.00u,1,v,https://www.aliexpress.com/item/1005003944834891.html?mp=1
S52,MX_PCB_1.25u,1,altright,https://www.aliexpress.com/item/1005003944834891.html?mp=1
S53,MX_PCB_1.00u,1,b,https://www.aliexpress.com/item/1005003944834891.html?mp=1
S54,MX_PCB_1.25u,1,windowsright,https://www.aliexpress.com/item/1005003944834891.html?mp=1
S55,MX_PCB_1.00u,1,n,https://www.aliexpress.com/item/1005003944834891.html?mp=1
S56,MX_PCB_1.00u,1,page,https://www.aliexpress.com/item/1005003944834891.html?mp=1
S57,MX_PCB_1.00u,1,m,https://www.aliexpress.com/item/1005003944834891.html?mp=1
S58,MX_PCB_1.25u,1,ctrlright,https://www.aliexpress.com/item/1005003944834891.html?mp=1
S59,MX_PCB_1.00u,1,",",https://www.aliexpress.com/item/1005003944834891.html?mp=1
S6,MX_PCB_1.00u,1,w,https://www.aliexpress.com/item/1005003944834891.html?mp=1
S61,MX_PCB_1.00u,1,.,https://www.aliexpress.com/item/1005003944834891.html?mp=1
S63,MX_PCB_1.00u,1,/,https://www.aliexpress.com/item/1005003944834891.html?mp=1
S67,MX_PCB_2.75u,1,shiftright,https://www.aliexpress.com/item/1005003944834891.html?mp=1
S7,MX_PCB_1.50u,1,caps,https://www.aliexpress.com/item/1005003944834891.html?mp=1
S71,MX_PCB_1.75u,1,backspace,https://www.aliexpress.com/item/1005003944834891.html?mp=1
S72,MX_PCB_1.25u,1,\,https://www.aliexpress.com/item/1005003944834891.html?mp=1
S8,MX_PCB_1.00u,1,a,https://www.aliexpress.com/item/1005003944834891.html?mp=1
S9,MX_PCB_1.00u,1,s,https://www.aliexpress.com/item/1005003944834891.html?mp=1
SW1,SW_Push_1P1T_NO_Vertical_Wuerth_434133025816,1,SW_Push,https://au.mouser.com/ProductDetail/710-434133025816
U1,SOIC-16_4.55x10.3mm_P1.27mm,1,SL2.1A,https://www.aliexpress.com/item/1005005552905296.html?mp=1
U2,SOT-223-3_TabPin2,1,NCP1117-3.3_SOT223,https://au.mouser.com/ProductDetail/863-NCP1117ST33T3G
U3,SOIC-8_5.23x5.23mm_P1.27mm,1,W25Q128JVS,https://au.mouser.com/ProductDetail/454-W25Q128JVSIQTR
U4,RP2040-QFN-56,1,RP2040,https://au.mouser.com/ProductDetail/358-SC09147
Y1,Crystal_SMD_3225-4Pin_3.2x2.5mm,1,ABM8-272-T3,https://au.mouser.com/ProductDetail/815-ABM8-272-T3
N/A,Standoff,4,M2X6,https://au.mouser.com/ProductDetail/710-970060244
N/A,Nut,12,Nut,https://au.mouser.com/ProductDetail/855-M80-2430000B
N/A,Screw,4,M2_10mm,https://www.ebay.com.au/itm/363744921549?var=632961986863
N/A,Socket,70,Kailh,https://www.aliexpress.com/item/1005007225352311.html?mp=1
N/A,Stabilizer,1,Durock_V3_Stabilizers,https://www.aliexpress.com/item/1005006628741999.html?mp=1
N/A,Key_Caps,1,Black_Line_131,https://www.aliexpress.com/item/1005007016258336.html?mp=1
N/A,PCB,1,JLC_PCB,https://jlcpcb.com/
